classification type,accuracy,precision,recall,macro_f1
gpt2,0.6005025125628141,0.6191279308926367,0.6101643335362142,0.5957842291846316
