classification type,accuracy,precision,recall,macro_f1
roberta-base,0.6507537688442211,0.657713551701991,0.6556857374721039,0.650380762789522
