classification type,accuracy,precision,recall,macro_f1
bert-base,0.6055276381909548,0.706766917293233,0.44339622641509435,0.5449275362318841
