classification type,accuracy,precision,recall,macro_f1
roberta,0.7660818713450293,0.7531914893617021,0.7405857740585774,0.7468354430379747
