classification type,accuracy,precision,recall,macro_f1
gpt2,0.6194690265486725,0.6349206349206349,0.6666666666666666,0.6504065040650406
