classification type,accuracy,precision,recall,macro_f1
bert-base,0.7368421052631579,0.6768707482993197,0.8326359832635983,0.7467166979362101
