classification type,accuracy,precision,recall,macro_f1
gpt2,0.7563352826510721,0.7142857142857143,0.7949790794979079,0.7524752475247525
