classification type,accuracy,precision,recall,macro_f1
gpt2,0.6381909547738693,0.6369939271255061,0.6372996551024548,0.6370820668693009
