classification type,accuracy,precision,recall,macro_f1
gpt2,0.7543859649122807,0.755656108597285,0.698744769874477,0.7260869565217392
