classification type,accuracy,precision,recall,macro_f1
roberta-base,0.7504873294346979,0.6868686868686869,0.8535564853556485,0.7611940298507462
