classification type,accuracy,precision,recall,macro_f1
roberta-base,0.5309734513274337,0.8181818181818182,0.15,0.2535211267605634
