classification type,accuracy,precision,recall,macro_f1
gpt2,0.6194690265486725,0.6808510638297872,0.5333333333333333,0.5981308411214953
