classification type,accuracy,precision,recall,macro_f1
roberta-base,0.6381909547738693,0.6414567249085737,0.6412558328261311,0.6381818181818182
