classification type,accuracy,precision,recall,macro_f1
bert-base,0.7407407407407407,0.7476635514018691,0.6694560669456067,0.7064017660044151
